email001@terra.com.br; email002@gmail.com; email003@uai.com.br; email004@gmail.com; email005@terra.com.br; email006@acessa.com; email007@globo.com; email008@globo.com; email009@bol.com.br; email010@terra.com.br; email011@hotmail.com; email012@globo.com; email013@uol.com.br; email014@gmail.com; email015@globo.com; email016@uai.com.br; email017@uai.com.br; email018@globo.com; email019@globo.com; email020@bol.com.br; email021@uol.com.br; email022@oi.com.br; email023@hotmail.com; email024@uai.com.br; email025@gmail.com; email026@yahoo.com.br; email027@uai.com.br; email028@uol.com.br; email029@bol.com.br; email030@oi.com.br; email031@acessa.com; email032@uol.com.br; email033@yahoo.com.br; email034@yahoo.com.br; email035@hotmail.com; email036@hotmail.com; email037@gmail.com; email038@uai.com.br; email039@acessa.com; email040@uai.com.br; email041@uol.com.br; email042@bol.com.br; email043@oi.com.br; email044@globo.com; email045@bol.com.br; email046@oi.com.br; email047@globo.com; email048@uai.com.br; email049@globo.com; email050@globo.com; email051@globo.com; email052@yahoo.com.br; email053@terra.com.br; email054@terra.com.br; email055@gmail.com; email056@bol.com.br; email057@globo.com; email058@hotmail.com; email059@globo.com; email060@hotmail.com; email061@uai.com.br; email062@acessa.com; email063@hotmail.com; email064@uol.com.br; email065@uol.com.br; email066@terra.com.br; email067@bol.com.br; email068@hotmail.com; email069@acessa.com; email070@acessa.com; email071@acessa.com; email072@gmail.com; email073@yahoo.com.br; email074@uai.com.br; email075@gmail.com; email076@acessa.com; email077@acessa.com; email078@uai.com.br; email079@gmail.com; email080@terra.com.br;